{
    "pos_methods": [
        { "method": "delivery", "on": 1, "menu": 1, "inputs": 
        [{ "label": "Search:", "id": "customerSearch", "type": "text", "class": "col-12" },{ "label": "Name:", "id": "customerName", "type": "text", "class": "col-6" },{ "label": "Phone:", "id": "customerPhone", "type": "text", "class": "col-6" },{ "label": "Address:", "id": "customerAddress", "type": "text", "class": "col-6" },{ "label": "Post Code:", "id": "customerPostcode", "type": "text", "class": "col-6" } ] },
        { "method": "takeaway", "on": 1, "menu": 0, "inputs": 
        [{ "label": "Name:", "id": "customerName", "type": "text", "class": "col-6" },{ "label": "Phone:", "id": "customerPhone", "type": "text", "class": "col-6" }] },
        { "method": "dine", "on": 1, "menu": 0, "inputs": 
        [{ "label": "Name:", "id": "customerName", "type": "text", "class": "col-6" },{ "label": "Phone:", "id": "customerPhone", "type": "text", "class": "col-6" }] },
        { "method": "waiting", "on": 1, "menu": 0, "inputs": 
        [{ "label": "Name:", "id": "customerName", "type": "text", "class": "col-6" },{ "label": "Phone:", "id": "customerPhone", "type": "text", "class": "col-6" }] }
      ],
    "service_charge": 10
}