[
    {
	"id": 1,
	"name": "Side Dish",
	"type": "dropdown",
	"order": 2,
	"required": "required",
	"options": [{"id":1,"name":"No Side","price":0},{"id":2,"name":"Dry Vegetables + 2.95","price":2.95},{"id":3,"name":"Tarka Dhal + 2.95","price":2.95},{"id":4,"name":"Bombay Aloo + 2.95","price":2.95},{"id":5,"name":"Saag Aloo + 2.95","price":2.95},{"id":6,"name":"Saag Bhaji + 2.95","price":2.95},{"id":7,"name":"Mushroom Bhaji + 2.95","price":2.95},{"id":8,"name":"Chana Masala + 2.95","price":2.95},{"id":9,"name":"Bhindi Bhaji + 2.95","price":2.95},{"id":10,"name":"Saag Paneer + 2.95","price":2.95}]
    },
    {
	"id": 2,
	"name": "Choose Condiment",
	"type": "dropdown",
	"order": 2,
	"required": "required",
	"options": [{"id":6,"name":"No Condiment","price":0},{"id":1,"name":"Mint Sauce","price":0},{"id":2,"name":"Tamarind Sauce","price":0},{"id":3,"name":"Mango Chutney","price":0},{"id":4,"name":"Onion Salad","price":0},{"id":5,"name":"Mixed Pickle","price":0}]
    },
    {
	"id": 4,
	"name": "Choose Spice Level",
	"type": "dropdown",
	"order": 2,
	"required": "required",
	"options": [{"id":1,"name":"Mild","price":0},{"id":2,"name":"Medium hot","price":0},{"id":3,"name":"Hot","price":0},{"id":4,"name":"Extra Hot","price":0},{"id":5,"name":"No Spice","price":0}]
    },
    {
	"id": 5,
	"name": "Choose Size",
	"type": "dropdown",
	"order": 2,
	"required": "required",
	"options": [{"id":1,"name":"Regular","price":0},{"id":2,"name":"Large + 2.45","price":2.45}]
    },
    {
	"id": 6,
	"name": "Choose Size",
	"type": "dropdown",
	"order": 2,
	"required": "required",
	"options": [{"id":1,"name":"Regular","price":0},{"id":2,"name":"Large + 2.70","price":2.70}]
    },
    {
	"id": 7,
	"name": "Choose Size",
	"type": "dropdown",
	"order": 2,
	"required": "required",
	"options": [{"id":1,"name":"Regular","price":0},{"id":2,"name":"Large + 2.95","price":2.95}]
    },
    {
	"id": 8,
	"name": "Choose Size",
	"type": "dropdown",
	"order": 2,
	"required": "required",
	"options": [{"id":1,"name":"Regular","price":0},{"id":2,"name":"Large + 2.45","price":2.45}]
    },
    {
	"id": 9,
	"name": "Choose Size",
	"type": "dropdown",
	"order": 2,
	"required": "required",
	"options": [{"id":1,"name":"Regular","price":0},{"id":2,"name":"Large + 2.95","price":2.95}]
    },
    {
	"id": 10,
	"name": "Choose Size",
	"type": "dropdown",
	"order": 2,
	"required": "required",
	"options": [{"id":1,"name":"Regular","price":0},{"id":2,"name":"Large + 3.95","price":3.95}]
    },
    {
	"id": 11,
	"name": "Choose Size",
	"type": "dropdown",
	"order": 2,
	"required": "required",
	"options": [{"id":1,"name":"Regular","price":0},{"id":2,"name":"Large + 2.30","price":2.30}]
    }
]