{
    "Sundries": [
        {
            "id": 1,
            "name": "Portion Papadum",
            "dsc": "",
            "price": "1.20",
            "cpn": 1,
            "order": 15
        },
        {
            "id": 2,
            "name": "Spicy Papadum",
            "dsc": "",
            "price": "0.75",
            "cpn": 1,
            "order": 15
        },
        {
            "id": 3,
            "name": "Mango Chutney",
            "dsc": "",
            "price": "0.60",
            "cpn": 1,
            "order": 15
        },
        {
            "id": 4,
            "name": "Mint Sauce",
            "dsc": "",
            "price": "0.60",
            "cpn": 1,
            "order": 15
        },
        {
            "id": 5,
            "name": "Onion Salad",
            "dsc": "",
            "price": "0.60",
            "cpn": 1,
            "order": 15
        },
        {
            "id": 6,
            "name": "Tamarind Sauce",
            "dsc": "",
            "price": "0.60",
            "cpn": 1,
            "order": 15
        },
        {
            "id": 7,
            "name": "Mixed Pickle",
            "dsc": "",
            "price": "0.60",
            "cpn": 1,
            "order": 15
        },
        {
            "id": 8,
            "name": "Chips",
            "dsc": "",
            "price": "2.20",
            "cpn": 1,
            "order": 15
        },
        {
            "id": 9,
            "name": "Raita",
            "dsc": "",
            "price": "1.95",
            "cpn": 1,
            "order": 15
        }
    ],
    "Starters": [
        {
            "id": 911,
            "name": "Meat Samosa",
            "dsc": "2 pieces.",
            "price": "2.50",
            "cpn": 1,
            "order": 1,
            "options": 2
        },
        {
            "id": 912,
            "name": "Veg Samosa",
            "dsc": "2 pieces.",
            "price": "2.00",
            "cpn": 1,
            "order": 1,
            "options": 2
        },
        {
            "id": 913,
            "name": "Onion Bhaji",
            "dsc": "Onion slices, potatoes, lentils, eggs and gram flour mixed with Indian spices.",
            "price": "2.00",
            "cpn": 1,
            "order": 1,
            "options": 2
        },
        {
            "id": 914,
            "name": "Prawn Puri",
            "dsc": "Prawns cooked in thick sauce, served on a puri, thin soft pastry.",
            "price": "4.95",
            "cpn": 1,
            "order": 1,
            "options": 2
        },
        {
            "id": 15,
            "name": "Tandoori Chicken Tikka Shashlik",
            "dsc": "Pieces of marinated chicken, capsicum, onions and tomatoes grilled in tandoor clay oven.",
            "price": "4.25",
            "cpn": 1,
            "order": 1,
            "options": 2
        },
        {
            "id": 916,
            "name": "Tandoori Wings (4 pieces)",
            "dsc": "Wings (niblets) marinated in yoghurt and spices, grilled in tandoor clay oven with capsicum, onions and tomatoes.",
            "price": "3.75",
            "cpn": 1,
            "order": 1,
            "options": 2
        },
        {
            "id": 17,
            "name": "Tandoori Seekh Kebab (2 pieces)",
            "dsc": "Spiced minced meat formed into cylinders on skewers and grilled in tandoor clay oven with capsicum, onions and tomatoes.",
            "price": "3.95",
            "cpn": 1,
            "order": 1,
            "options": 2
        },
        {
            "id": 918,
            "name": "Tandoori Paneer Tikka (5 pieces)",
            "dsc": "Chunks of paneer (Indian cottage cheese) marinated in spices and grilled in tandoor clay oven with capsicum, onions and tomatoes.",
            "price": "4.25",
            "cpn": 1,
            "order": 1,
            "options": 2
        }
    ],
    "Curries": [
        {
            "name": "Masala",
            "dsc": "Sweet and creamy curry.",
            "vari": [
                {
                    "id": 21,
                    "name": "Chicken",
                    "price": "7.50",
                    "cpn": 1,
                    "order": 3,
                    "options": 5
                },
                {
                    "id": 22,
                    "name": "Chicken Tikka",
                    "price": "8.25",
                    "cpn": 1,
                    "order": 3,
                    "options": 6
                },
                {
                    "id": 23,
                    "name": "Lamb",
                    "price": "8.95",
                    "cpn": 1,
                    "order": 3,
                    "options": 7
                },
                {
                    "id": 24,
                    "name": "Paneer",
                    "price": "7.50",
                    "cpn": 1,
                    "order": 3,
                    "options": 8
                },
                {
                    "id": 25,
                    "name": "Prawns",
                    "price": "8.95",
                    "cpn": 1,
                    "order": 3,
                    "options": 9
                },
                {
                    "id": 26,
                    "name": "King Prawn",
                    "price": "11.95",
                    "cpn": 1,
                    "order": 3,
                    "options": 10
                },
                {
                    "id": 27,
                    "name": "Veg",
                    "price": "6.95",
                    "cpn": 1,
                    "order": 3,
                    "options": 11
                }
            ]
        },
        {
            "name": "Korma",
            "dsc": "Mild creamy sauce cooked with coconut.",
            "vari": [
                {
                    "id": 28,
                    "name": "Chicken",
                    "price": "7.50",
                    "cpn": 1,
                    "order": 3,
                    "options": 5
                },
                {
                    "id": 29,
                    "name": "Chicken Tikka",
                    "price": "8.25",
                    "cpn": 1,
                    "order": 3,
                    "options": 6
                },
                {
                    "id": 30,
                    "name": "Lamb",
                    "price": "8.95",
                    "cpn": 1,
                    "order": 3,
                    "options": 7
                },
                {
                    "id": 31,
                    "name": "Paneer",
                    "price": "7.50",
                    "cpn": 1,
                    "order": 3,
                    "options": 8
                },
                {
                    "id": 32,
                    "name": "Prawns",
                    "price": "8.95",
                    "cpn": 1,
                    "order": 3,
                    "options": 9
                },
                {
                    "id": 33,
                    "name": "King Prawn",
                    "price": "11.95",
                    "cpn": 1,
                    "order": 3,
                    "options": 10
                },
                {
                    "id": 34,
                    "name": "Veg",
                    "price": "6.95",
                    "cpn": 1,
                    "order": 3,
                    "options": 11
                }
            ]
        },
        {
            "name": "Bhuna",
            "dsc": "Thick sauce curry cooked with finely chopped onions and tomatoes.",
            "vari": [
                {
                    "id": 35,
                    "name": "Chicken",
                    "price": "7.50",
                    "cpn": 1,
                    "order": 3,
                    "options": 5
                },
                {
                    "id": 36,
                    "name": "Chicken Tikka",
                    "price": "8.25",
                    "cpn": 1,
                    "order": 3,
                    "options": 6
                },
                {
                    "id": 37,
                    "name": "Lamb",
                    "price": "8.95",
                    "cpn": 1,
                    "order": 3,
                    "options": 7
                },
                {
                    "id": 38,
                    "name": "Paneer",
                    "price": "7.50",
                    "cpn": 1,
                    "order": 3,
                    "options": 8
                },
                {
                    "id": 39,
                    "name": "Prawns",
                    "price": "8.95",
                    "cpn": 1,
                    "order": 3,
                    "options": 9
                },
                {
                    "id": 40,
                    "name": "King Prawn",
                    "price": "11.95",
                    "cpn": 1,
                    "order": 3,
                    "options": 10
                },
                {
                    "id": 41,
                    "name": "Veg",
                    "price": "6.95",
                    "cpn": 1,
                    "order": 3,
                    "options": 11
                }
            ]
        },
        {
            "name": "Madras",
            "dsc": "Hot curry cooked with traditional spices and lemon juice.",
            "vari": [
                {
                    "id": 42,
                    "name": "Chicken",
                    "price": "7.50",
                    "cpn": 1,
                    "order": 3,
                    "options": 5
                },
                {
                    "id": 43,
                    "name": "Chicken Tikka",
                    "price": "8.25",
                    "cpn": 1,
                    "order": 3,
                    "options": 6
                },
                {
                    "id": 44,
                    "name": "Lamb",
                    "price": "8.95",
                    "cpn": 1,
                    "order": 3,
                    "options": 7
                },
                {
                    "id": 45,
                    "name": "Paneer",
                    "price": "7.50",
                    "cpn": 1,
                    "order": 3,
                    "options": 8
                },
                {
                    "id": 46,
                    "name": "Prawns",
                    "price": "8.95",
                    "cpn": 1,
                    "order": 3,
                    "options": 9
                },
                {
                    "id": 47,
                    "name": "King Prawn",
                    "price": "11.95",
                    "cpn": 1,
                    "order": 3,
                    "options": 10
                },
                {
                    "id": 48,
                    "name": "Veg",
                    "price": "6.95",
                    "cpn": 1,
                    "order": 3,
                    "options": 11
                }
            ]
        },
        {
            "name": "Vindaloo",
            "dsc": "Extra hot curry, cooked with traditional spices and potatoes.",
            "vari": [
                {
                    "id": 49,
                    "name": "Chicken",
                    "price": "7.50",
                    "cpn": 1,
                    "order": 3,
                    "options": 5
                },
                {
                    "id": 50,
                    "name": "Chicken Tikka",
                    "price": "8.25",
                    "cpn": 1,
                    "order": 3,
                    "options": 6
                },
                {
                    "id": 51,
                    "name": "Lamb",
                    "price": "8.95",
                    "cpn": 1,
                    "order": 3,
                    "options": 7
                },
                {
                    "id": 52,
                    "name": "Paneer",
                    "price": "7.50",
                    "cpn": 1,
                    "order": 3,
                    "options": 8
                },
                {
                    "id": 53,
                    "name": "Prawns",
                    "price": "8.95",
                    "cpn": 1,
                    "order": 3,
                    "options": 9
                },
                {
                    "id": 54,
                    "name": "King Prawn",
                    "price": "11.95",
                    "cpn": 1,
                    "order": 3,
                    "options": 10
                },
                {
                    "id": 55,
                    "name": "Veg",
                    "price": "6.95",
                    "cpn": 1,
                    "order": 3,
                    "options": 11
                }
            ]
        },
        {
            "name": "Jalfrezi",
            "dsc": "Hot curry cooked with peppers, onions and green chillies.",
            "vari": [
                {
                    "id": 56,
                    "name": "Chicken",
                    "price": "7.50",
                    "cpn": 1,
                    "order": 3,
                    "options": 5
                },
                {
                    "id": 57,
                    "name": "Chicken Tikka",
                    "price": "8.25",
                    "cpn": 1,
                    "order": 3,
                    "options": 6
                },
                {
                    "id": 58,
                    "name": "Lamb",
                    "price": "8.95",
                    "cpn": 1,
                    "order": 3,
                    "options": 7
                },
                {
                    "id": 59,
                    "name": "Paneer",
                    "price": "7.50",
                    "cpn": 1,
                    "order": 3,
                    "options": 8
                },
                {
                    "id": 60,
                    "name": "Prawns",
                    "price": "8.95",
                    "cpn": 1,
                    "order": 3,
                    "options": 9
                },
                {
                    "id": 61,
                    "name": "King Prawn",
                    "price": "11.95",
                    "cpn": 1,
                    "order": 3,
                    "options": 10
                },
                {
                    "id": 62,
                    "name": "Veg",
                    "price": "6.95",
                    "cpn": 1,
                    "order": 3,
                    "options": 11
                }
            ]
        },
        {
            "name": "Dhansak",
            "dsc": "",
            "vari": [
                {
                    "id": 63,
                    "name": "Chicken",
                    "price": "7.50",
                    "cpn": 1,
                    "order": 3,
                    "options": 5
                },
                {
                    "id": 64,
                    "name": "Chicken Tikka",
                    "price": "8.25",
                    "cpn": 1,
                    "order": 3,
                    "options": 6
                },
                {
                    "id": 65,
                    "name": "Lamb",
                    "price": "8.95",
                    "cpn": 1,
                    "order": 3,
                    "options": 7
                },
                {
                    "id": 66,
                    "name": "Paneer",
                    "price": "7.50",
                    "cpn": 1,
                    "order": 3,
                    "options": 8
                },
                {
                    "id": 67,
                    "name": "Prawns",
                    "price": "8.95",
                    "cpn": 1,
                    "order": 3,
                    "options": 9
                },
                {
                    "id": 68,
                    "name": "King Prawn",
                    "price": "11.95",
                    "cpn": 1,
                    "order": 3,
                    "options": 10
                },
                {
                    "id": 69,
                    "name": "Veg",
                    "price": "6.95",
                    "cpn": 1,
                    "order": 3,
                    "options": 11
                }
            ]
        },
        {
            "name": "Korai",
            "dsc": "",
            "vari": [
                {
                    "id": 70,
                    "name": "Chicken",
                    "price": "7.50",
                    "cpn": 1,
                    "order": 3,
                    "options": 5
                },
                {
                    "id": 71,
                    "name": "Chicken Tikka",
                    "price": "8.25",
                    "cpn": 1,
                    "order": 3,
                    "options": 6
                },
                {
                    "id": 72,
                    "name": "Lamb",
                    "price": "8.95",
                    "cpn": 1,
                    "order": 3,
                    "options": 7
                },
                {
                    "id": 73,
                    "name": "Paneer",
                    "price": "7.50",
                    "cpn": 1,
                    "order": 3,
                    "options": 8
                },
                {
                    "id": 74,
                    "name": "Prawns",
                    "price": "8.95",
                    "cpn": 1,
                    "order": 3,
                    "options": 9
                },
                {
                    "id": 75,
                    "name": "King Prawn",
                    "price": "11.95",
                    "cpn": 1,
                    "order": 3,
                    "options": 10
                },
                {
                    "id": 76,
                    "name": "Veg",
                    "price": "6.95",
                    "cpn": 1,
                    "order": 3,
                    "options": 11
                }
            ]
        },
        {
            "name": "Rogan Josh",
            "dsc": "",
            "vari": [
                {
                    "id": 77,
                    "name": "Chicken",
                    "price": "7.50",
                    "cpn": 1,
                    "order": 3,
                    "options": 5
                },
                {
                    "id": 78,
                    "name": "Chicken Tikka",
                    "price": "8.25",
                    "cpn": 1,
                    "order": 3,
                    "options": 6
                },
                {
                    "id": 79,
                    "name": "Lamb",
                    "price": "8.95",
                    "cpn": 1,
                    "order": 3,
                    "options": 7
                },
                {
                    "id": 80,
                    "name": "Paneer",
                    "price": "7.50",
                    "cpn": 1,
                    "order": 3,
                    "options": 8
                },
                {
                    "id": 81,
                    "name": "Prawns",
                    "price": "8.95",
                    "cpn": 1,
                    "order": 3,
                    "options": 9
                },
                {
                    "id": 82,
                    "name": "King Prawn",
                    "price": "11.95",
                    "cpn": 1,
                    "order": 3,
                    "options": 10
                },
                {
                    "id": 83,
                    "name": "Veg",
                    "price": "6.95",
                    "cpn": 1,
                    "order": 3,
                    "options": 11
                }
            ]
        },
        {
            "name": "Pathia",
            "dsc": "Medium hot curry, cooked with tamarind pulp, lemon juice and sugar, creating a sweet, sour and hot taste.",
            "vari": [
                {
                    "id": 84,
                    "name": "Chicken",
                    "price": "7.50",
                    "cpn": 1,
                    "order": 3,
                    "options": 5
                },
                {
                    "id": 85,
                    "name": "Chicken Tikka",
                    "price": "8.25",
                    "cpn": 1,
                    "order": 3,
                    "options": 6
                },
                {
                    "id": 86,
                    "name": "Lamb",
                    "price": "8.95",
                    "cpn": 1,
                    "order": 3,
                    "options": 7
                },
                {
                    "id": 87,
                    "name": "Paneer",
                    "price": "7.50",
                    "cpn": 1,
                    "order": 3,
                    "options": 8
                },
                {
                    "id": 88,
                    "name": "Prawns",
                    "price": "8.95",
                    "cpn": 1,
                    "order": 3,
                    "options": 9
                },
                {
                    "id": 89,
                    "name": "King Prawn",
                    "price": "11.95",
                    "cpn": 1,
                    "order": 3,
                    "options": 10
                },
                {
                    "id": 90,
                    "name": "Veg",
                    "price": "6.95",
                    "cpn": 1,
                    "order": 3,
                    "options": 11
                }
            ]
        },
        {
            "name": "Dupiaza",
            "dsc": "",
            "vari": [
                {
                    "id": 926,
                    "name": "Chicken",
                    "price": "7.50",
                    "cpn": 1,
                    "order": 3,
                    "options": 5
                },
                {
                    "id": 927,
                    "name": "Chicken Tikka",
                    "price": "8.25",
                    "cpn": 1,
                    "order": 3,
                    "options": 6
                },
                {
                    "id": 928,
                    "name": "Lamb",
                    "price": "8.95",
                    "cpn": 1,
                    "order": 3,
                    "options": 7
                },
                {
                    "id": 929,
                    "name": "Paneer",
                    "price": "7.50",
                    "cpn": 1,
                    "order": 3,
                    "options": 8
                },
                {
                    "id": 930,
                    "name": "Prawns",
                    "price": "8.95",
                    "cpn": 1,
                    "order": 3,
                    "options": 9
                },
                {
                    "id": 931,
                    "name": "King Prawn",
                    "price": "11.95",
                    "cpn": 1,
                    "order": 3,
                    "options": 10
                },
                {
                    "id": 932,
                    "name": "Veg",
                    "price": "6.95",
                    "cpn": 1,
                    "order": 3,
                    "options": 11
                }
            ]
        },
        {
            "id": 92,
            "name": "Chicken Tikka Naga",
            "dsc": "Extra curry, cooked with traditional spices and mr naga pickle. Very hot pepper pickle.",
            "price": "8.25",
            "cpn": 1,
            "order": 3,
            "options": 6
        },
        {
            "id": 93,
            "name": "Garlic Chilli Chicken Tikka",
            "dsc": "",
            "price": "8.25",
            "cpn": 1,
            "order": 3,
            "options": 6
        },
        {
            "id": 94,
            "name": "Butter Chicken Tikka",
            "dsc": "",
            "price": "8.25",
            "cpn": 1,
            "order": 3,
            "options": 6
        }
    ],
    "Dhaba Kitchen Special": [
        {
            "id": 919,
            "name": "Chicken Drum Stick",
            "dsc": "",
            "price": "6.50",
            "cpn": 1,
            "order": 3
        },
        {
            "id": 920,
            "name": "Mutton  Curry On The Bone",
            "dsc": "",
            "price": "7.95",
            "cpn": 1,
            "order": 3
        },
        {
            "id": 921,
            "name": "House Special Chicken Curry",
            "dsc": "",
            "price": "7.50",
            "cpn": 1,
            "order": 3
        },
        {
            "id": 922,
            "name": "House Special Lamb Curry",
            "dsc": "",
            "price": "8.95",
            "cpn": 1,
            "order": 3
        },
        {
            "id": 923,
            "name": "Egg Bhuna",
            "dsc": "",
            "price": "5.95",
            "cpn": 1,
            "order": 3
        },
        {
            "id": 924,
            "name": "Keema Bhuna",
            "dsc": "",
            "price": "8.50",
            "cpn": 1,
            "order": 3
        }
    ],
    "Biryani": [
        {
            "name": "Vegetable Biryani",
            "dsc": "Regular or large (serving container: regular 500ml, Large 750ml)",
            "vari": [
                {
                    "id": 101,
                    "name": "Regular",
                    "price": "6.95",
                    "cpn": 1,
                    "order": 4,
                    "options": 4
                },
                {
                    "id": 102,
                    "name": "Large",
                    "price": "9.25",
                    "cpn": 1,
                    "order": 4,
                    "options": 4
                }
            ]
        },
        {
            "name": "Chicken Tikka Biryani",
            "dsc": "Regular or large (serving container: regular 500ml, Large 750ml)",
            "vari": [
                {
                    "id": 103,
                    "name": "Regular",
                    "price": "8.25",
                    "cpn": 1,
                    "order": 4,
                    "options": 4
                },
                {
                    "id": 104,
                    "name": "Large",
                    "price": "10.95",
                    "cpn": 1,
                    "order": 4,
                    "options": 4
                }
            ]
        },
        {
            "name": "Chicken Biryani",
            "dsc": "Regular or large (serving container: regular 500ml, Large 750ml)",
            "vari": [
                {
                    "id": 105,
                    "name": "Regular",
                    "price": "7.50",
                    "cpn": 1,
                    "order": 4,
                    "options": 4
                },
                {
                    "id": 106,
                    "name": "Large",
                    "price": "9.95",
                    "cpn": 1,
                    "order": 4,
                    "options": 4
                }
            ]
        },
        {
            "name": "Prawn Biryani",
            "dsc": "Regular or large (serving container: regular 500ml, Large 750ml)",
            "vari": [
                {
                    "id": 107,
                    "name": "Regular",
                    "price": "8.95",
                    "cpn": 1,
                    "order": 4,
                    "options": 4
                },
                {
                    "id": 108,
                    "name": "Large",
                    "price": "11.90",
                    "cpn": 1,
                    "order": 4,
                    "options": 4
                }
            ]
        },
        {
            "name": "Lamb Biryani",
            "dsc": "Regular or large (serving container: regular 500ml, Large 750ml)",
            "vari": [
                {
                    "id": 109,
                    "name": "Regular",
                    "price": "8.95",
                    "cpn": 1,
                    "order": 4,
                    "options": 4
                },
                {
                    "id": 110,
                    "name": "Large",
                    "price": "11.90",
                    "cpn": 1,
                    "order": 4,
                    "options": 4
                }
            ]
        },
        {
            "name": "King Prawn Biryani",
            "dsc": "Regular or large (serving container: regular 500ml, Large 750ml)",
            "vari": [
                {
                    "id": 111,
                    "name": "Regular",
                    "price": "12.95",
                    "cpn": 1,
                    "order": 4,
                    "options": 4
                },
                {
                    "id": 112,
                    "name": "Large",
                    "price": "17.25",
                    "cpn": 1,
                    "order": 4,
                    "options": 4
                }
            ]
        }
    ],
    "Grill": [
        {
            "id": 121,
            "name": "1\/2 Grilled Chicken",
            "dsc": "",
            "price": "7.45",
            "cpn": 1,
            "order": 5,
            "options": "4,2"
        },
        {
            "id": 122,
            "name": "Tandoori Chicken Tikka Shashlik",
            "dsc": "Pieces of marinated chicken grilled in tandoor clay oven with capsicum, onions and tomatoes.",
            "price": "7.50",
            "cpn": 1,
            "order": 5,
            "options": 2
        },
        {
            "id": 123,
            "name": "Tandoori Seekh Kebab",
            "dsc": "4 pieces. Spiced minced meat formed into cylinders on skewers.",
            "price": "7.50",
            "cpn": 1,
            "order": 5,
            "options": 2
        },
        {
            "id": 124,
            "name": "Tandoori Paneer Tikka Shashlik",
            "dsc": "Paneer (Indian cottage cheese) marinated in yoghurt and spices, grilled in tandoor clay oven with capsicum, onions and tomatoes.",
            "price": "7.50",
            "cpn": 1,
            "order": 5,
            "options": 2
        },
        {
            "id": 125,
            "name": "Tandoori King Prawn Shashlik",
            "dsc": "King prawn marinated in yoghurt and spices, grilled in tandoor clay oven with capsicum, onions and tomatoes.",
            "price": "14.95",
            "cpn": 1,
            "order": 5,
            "options": 2
        },
        {
            "id": 126,
            "name": "4 Grilled Mutton Chops",
            "dsc": "",
            "price": "7.95",
            "cpn": 1,
            "order": 5,
            "options": 2
        },
        {
            "id": 127,
            "name": "Mixed Grill 1",
            "dsc": "3 pcs tandoori chicken wings, 3 pcs chicken tikka, 3 pcs paneer tikka\r\n & 1 pc seekh kebab",
            "price": "8.95",
            "cpn": 1,
            "order": 5,
            "options": 2
        },
        {
            "id": 128,
            "name": "Mixed Grill 2",
            "dsc": "2 pcs mutton chops, 4 pcs chicken tikka \r\n& 2 pcs seekh kebab",
            "price": "11.50",
            "cpn": 1,
            "order": 5,
            "options": 2
        }
    ],
    "Sides": [
        {
            "name": "Tarka Dhal",
            "dsc": "",
            "vari": [
                {
                    "id": 131,
                    "name": "Side (half)",
                    "price": "3.95",
                    "cpn": 1,
                    "order": 7
                },
                {
                    "id": 132,
                    "name": "Main",
                    "price": "5.95",
                    "cpn": 1,
                    "order": 7
                }
            ]
        },
        {
            "name": "Bombay Aloo",
            "dsc": "",
            "vari": [
                {
                    "id": 133,
                    "name": "Side (half)",
                    "price": "3.95",
                    "cpn": 1,
                    "order": 7
                },
                {
                    "id": 134,
                    "name": "Main",
                    "price": "5.95",
                    "cpn": 1,
                    "order": 7
                }
            ]
        },
        {
            "name": "Chana Masala",
            "dsc": "",
            "vari": [
                {
                    "id": 135,
                    "name": "Side (half)",
                    "price": "3.95",
                    "cpn": 1,
                    "order": 7
                },
                {
                    "id": 136,
                    "name": "Main",
                    "price": "5.95",
                    "cpn": 1,
                    "order": 7
                }
            ]
        },
        {
            "name": "Saag Aloo",
            "dsc": "",
            "vari": [
                {
                    "id": 137,
                    "name": "Side (half)",
                    "price": "3.95",
                    "cpn": 1,
                    "order": 7
                },
                {
                    "id": 138,
                    "name": "Main",
                    "price": "5.95",
                    "cpn": 1,
                    "order": 7
                }
            ]
        },
        {
            "name": "Saag Bhaji",
            "dsc": "",
            "vari": [
                {
                    "id": 139,
                    "name": "Side (half)",
                    "price": "3.95",
                    "cpn": 1,
                    "order": 7
                },
                {
                    "id": 140,
                    "name": "Main",
                    "price": "5.95",
                    "cpn": 1,
                    "order": 7
                }
            ]
        },
        {
            "name": "Mushroom Bhaji",
            "dsc": "",
            "vari": [
                {
                    "id": 141,
                    "name": "Side (half)",
                    "price": "3.95",
                    "cpn": 1,
                    "order": 7
                },
                {
                    "id": 142,
                    "name": "Main",
                    "price": "5.95",
                    "cpn": 1,
                    "order": 7
                }
            ]
        },
        {
            "name": "Saag Paneer",
            "dsc": "",
            "vari": [
                {
                    "id": 143,
                    "name": "Side (half)",
                    "price": "3.95",
                    "cpn": 1,
                    "order": 7
                },
                {
                    "id": 144,
                    "name": "Main",
                    "price": "5.95",
                    "cpn": 1,
                    "order": 7
                }
            ]
        },
        {
            "name": "Bhindi Bhaji",
            "dsc": "",
            "vari": [
                {
                    "id": 145,
                    "name": "Side (half)",
                    "price": "3.95",
                    "cpn": 1,
                    "order": 7
                },
                {
                    "id": 146,
                    "name": "Main",
                    "price": "5.95",
                    "cpn": 1,
                    "order": 7
                }
            ]
        }
    ],
    "Bread": [
        {
            "id": 151,
            "name": "2x Chapati",
            "dsc": "",
            "price": "2.50",
            "cpn": 1,
            "order": 8
        },
        {
            "id": 152,
            "name": "Plain Naan",
            "dsc": "",
            "price": "2.20",
            "cpn": 1,
            "order": 8
        },
        {
            "id": 153,
            "name": "Tandoori Roti",
            "dsc": "",
            "price": "2.20",
            "cpn": 1,
            "order": 8
        },
        {
            "id": 154,
            "name": "Garlic Naan",
            "dsc": "",
            "price": "2.45",
            "cpn": 1,
            "order": 8
        },
        {
            "id": 155,
            "name": "Peshwari Naan",
            "dsc": "",
            "price": "2.45",
            "cpn": 1,
            "order": 8
        },
        {
            "id": 156,
            "name": "Cheese Naan",
            "dsc": "",
            "price": "2.45",
            "cpn": 1,
            "order": 8
        }
    ],
    "Rice": [
        {
            "id": 157,
            "name": "Lemon Rice",
            "dsc": "",
            "price": "3.50",
            "cpn": 1,
            "order": 9
        },
        {
            "id": 158,
            "name": "Plain Rice",
            "dsc": "",
            "price": "2.20",
            "cpn": 1,
            "order": 9
        },
        {
            "id": 159,
            "name": "Pilau Rice",
            "dsc": "",
            "price": "2.50",
            "cpn": 1,
            "order": 9
        },
        {
            "id": 160,
            "name": "Mushroom Rice",
            "dsc": "",
            "price": "3.50",
            "cpn": 1,
            "order": 9
        },
        {
            "id": 161,
            "name": "Egg Fried Rice",
            "dsc": "",
            "price": "3.50",
            "cpn": 1,
            "order": 9
        },
        {
            "id": 162,
            "name": "Coconut Rice",
            "dsc": "",
            "price": "3.50",
            "cpn": 1,
            "order": 9
        },
        {
            "id": 163,
            "name": "Onion Rice",
            "dsc": "",
            "price": "3.50",
            "cpn": 1,
            "order": 9
        }
    ],
    "Drinks": [
        {
            "id": 164,
            "name": "Pepsi (can 330ml)",
            "dsc": "",
            "price": "1.20",
            "cpn": 1,
            "order": 10
        },
        {
            "id": 165,
            "name": "Pepsi Max (can 330ml)",
            "dsc": "",
            "price": "1.20",
            "cpn": 1,
            "order": 10
        },
        {
            "id": 166,
            "name": "Tango Orange (can 330ml)",
            "dsc": "",
            "price": "1.20",
            "cpn": 1,
            "order": 10
        },
        {
            "id": 167,
            "name": "Tango Apple (can 330ml)",
            "dsc": "",
            "price": "1.20",
            "cpn": 1,
            "order": 10
        },
        {
            "id": 168,
            "name": "7up (can 330ml)",
            "dsc": "",
            "price": "1.20",
            "cpn": 1,
            "order": 10
        },
        {
            "id": 169,
            "name": "Bottle Water (500ml)",
            "dsc": "",
            "price": "1.20",
            "cpn": 1,
            "order": 10
        },
        {
            "id": 170,
            "name": "Mango Lassi",
            "dsc": "",
            "price": "2.50",
            "cpn": 1,
            "order": 10
        }
    ],
    "Desserts": [
        {
            "id": 171,
            "name": "Phirni",
            "dsc": "",
            "price": "1.50",
            "cpn": 1,
            "order": 11
        },
        {
            "id": 172,
            "name": "Kala Jamun with Vanilla Ice Cream",
            "dsc": "",
            "price": "2.95",
            "cpn": 1,
            "order": 11
        }
    ]
}